Année;Continent;Somme de Moyenne de la population;Somme de Moyenne de la population urbaiane ayant safely managed service;Somme de Moyenne de la population urbaine;Somme de Moyenne de la population urbaine ayant basic service;Code_pays;Continent_1;Country;Independance;Pays
2018;Afrique;24992.423194244504;4678.5653363488545;10699.893918966409;9146.692246415743;12;Afrique;Algeria;Oui;Algeria
2018;Afrique;24992.423194244504;4678.5653363488545;10699.893918966409;9146.692246415743;24;Afrique;Angola;Oui;Angola
2018;Afrique;24992.423194244504;4678.5653363488545;10699.893918966409;9146.692246415743;72;Afrique;Botswana;Oui;Botswana
2018;Afrique;24992.423194244504;4678.5653363488545;10699.893918966409;9146.692246415743;108;Afrique;Burundi;Oui;Burundi
2018;Afrique;24992.423194244504;4678.5653363488545;10699.893918966409;9146.692246415743;120;Afrique;Cameroon;Oui;Cameroon
2018;Afrique;24992.423194244504;4678.5653363488545;10699.893918966409;9146.692246415743;132;Afrique;Cabo Verde;Oui;Cabo Verde
2018;Afrique;24992.423194244504;4678.5653363488545;10699.893918966409;9146.692246415743;140;Afrique;Central Afriquen Republic;Oui;Central African Republic
2018;Afrique;24992.423194244504;4678.5653363488545;10699.893918966409;9146.692246415743;140;Afrique;Central Afriquen Republic;Oui;Central Afriquen Republic
2018;Afrique;24992.423194244504;4678.5653363488545;10699.893918966409;9146.692246415743;148;Afrique;Chad;Oui;Chad
2018;Afrique;24992.423194244504;4678.5653363488545;10699.893918966409;9146.692246415743;174;Afrique;Comoros;Oui;Comoros
2018;Afrique;24992.423194244504;4678.5653363488545;10699.893918966409;9146.692246415743;175;Afrique;Mayotte;Non;Mayotte
2018;Afrique;24992.423194244504;4678.5653363488545;10699.893918966409;9146.692246415743;178;Afrique;Congo;Oui;Congo
2018;Afrique;24992.423194244504;4678.5653363488545;10699.893918966409;9146.692246415743;179;Afrique;Democratic Republic of the Congo;Oui;Democratic Republic of the Congo
2018;Afrique;24992.423194244504;4678.5653363488545;10699.893918966409;9146.692246415743;204;Afrique;Benin;Oui;Benin
2018;Afrique;24992.423194244504;4678.5653363488545;10699.893918966409;9146.692246415743;226;Afrique;Equatorial Guinea;Oui;Equatorial Guinea
2018;Afrique;24992.423194244504;4678.5653363488545;10699.893918966409;9146.692246415743;231;Afrique;Ethiopia;Oui;Ethiopia
2018;Afrique;24992.423194244504;4678.5653363488545;10699.893918966409;9146.692246415743;232;Afrique;Eritrea;Oui;Eritrea
2018;Afrique;24992.423194244504;4678.5653363488545;10699.893918966409;9146.692246415743;262;Afrique;Djibouti;Oui;Djibouti
2018;Afrique;24992.423194244504;4678.5653363488545;10699.893918966409;9146.692246415743;266;Afrique;Gabon;Oui;Gabon
2018;Afrique;24992.423194244504;4678.5653363488545;10699.893918966409;9146.692246415743;270;Afrique;Gambia;Oui;Gambia
2018;Afrique;24992.423194244504;4678.5653363488545;10699.893918966409;9146.692246415743;288;Afrique;Ghana;Oui;Ghana
2018;Afrique;24992.423194244504;4678.5653363488545;10699.893918966409;9146.692246415743;324;Afrique;Guinea;Oui;Guinea
2018;Afrique;24992.423194244504;4678.5653363488545;10699.893918966409;9146.692246415743;384;Afrique;Côte d'Ivoire;Oui;Côte d'Ivoire
2018;Afrique;24992.423194244504;4678.5653363488545;10699.893918966409;9146.692246415743;404;Afrique;Kenya;Oui;Kenya
2018;Afrique;24992.423194244504;4678.5653363488545;10699.893918966409;9146.692246415743;426;Afrique;Lesotho;Oui;Lesotho
2018;Afrique;24992.423194244504;4678.5653363488545;10699.893918966409;9146.692246415743;430;Afrique;Liberia;Oui;Liberia
2018;Afrique;24992.423194244504;4678.5653363488545;10699.893918966409;9146.692246415743;434;Afrique;Libya;Oui;Libya
2018;Afrique;24992.423194244504;4678.5653363488545;10699.893918966409;9146.692246415743;450;Afrique;Madagascar;Oui;Madagascar
2018;Afrique;24992.423194244504;4678.5653363488545;10699.893918966409;9146.692246415743;454;Afrique;Malawi;Oui;Malawi
2018;Afrique;24992.423194244504;4678.5653363488545;10699.893918966409;9146.692246415743;466;Afrique;Mali;Oui;Mali
2018;Afrique;24992.423194244504;4678.5653363488545;10699.893918966409;9146.692246415743;478;Afrique;Mauritania;Oui;Mauritania
2018;Afrique;24992.423194244504;4678.5653363488545;10699.893918966409;9146.692246415743;480;Afrique;Mauritius;Oui;Mauritius
2018;Afrique;24992.423194244504;4678.5653363488545;10699.893918966409;9146.692246415743;504;Afrique;Morocco;Oui;Morocco
2018;Afrique;24992.423194244504;4678.5653363488545;10699.893918966409;9146.692246415743;508;Afrique;Mozambique;Oui;Mozambique
2018;Afrique;24992.423194244504;4678.5653363488545;10699.893918966409;9146.692246415743;516;Afrique;Namibia;Oui;Namibia
2018;Afrique;24992.423194244504;4678.5653363488545;10699.893918966409;9146.692246415743;562;Afrique;Niger;Oui;Niger
2018;Afrique;24992.423194244504;4678.5653363488545;10699.893918966409;9146.692246415743;566;Afrique;Nigeria;Oui;Nigeria
2018;Afrique;24992.423194244504;4678.5653363488545;10699.893918966409;9146.692246415743;624;Afrique;Guinea-Bissau;Oui;Guinea-Bissau
2018;Afrique;24992.423194244504;4678.5653363488545;10699.893918966409;9146.692246415743;638;Afrique;Réunion;Non;Réunion
2018;Afrique;24992.423194244504;4678.5653363488545;10699.893918966409;9146.692246415743;646;Afrique;Rwanda;Oui;Rwanda
2018;Afrique;24992.423194244504;4678.5653363488545;10699.893918966409;9146.692246415743;654;Afrique;Saint Helena, Ascension and Tristan da Cunha;Non;Saint Helena
2018;Afrique;24992.423194244504;4678.5653363488545;10699.893918966409;9146.692246415743;654;Afrique;Saint Helena, Ascension and Tristan da Cunha;Non;Saint Helena, Ascension and Tristan da Cunha
2018;Afrique;24992.423194244504;4678.5653363488545;10699.893918966409;9146.692246415743;678;Afrique;Sao Tome and Principe;Oui;Sao Tome and Principe
2018;Afrique;24992.423194244504;4678.5653363488545;10699.893918966409;9146.692246415743;686;Afrique;Senegal;Oui;Senegal
2018;Afrique;24992.423194244504;4678.5653363488545;10699.893918966409;9146.692246415743;690;Afrique;Seychelles;Oui;Seychelles
2018;Afrique;24992.423194244504;4678.5653363488545;10699.893918966409;9146.692246415743;694;Afrique;Sierra Leone;Oui;Sierra Leone
2018;Afrique;24992.423194244504;4678.5653363488545;10699.893918966409;9146.692246415743;706;Afrique;Somalia;Oui;Somalia
2018;Afrique;24992.423194244504;4678.5653363488545;10699.893918966409;9146.692246415743;710;Afrique;South Africa;Oui;South Africa
2018;Afrique;24992.423194244504;4678.5653363488545;10699.893918966409;9146.692246415743;716;Afrique;Zimbabwe;Oui;Zimbabwe
2018;Afrique;24992.423194244504;4678.5653363488545;10699.893918966409;9146.692246415743;728;Afrique;South Sudan;Oui;South Sudan
2018;Afrique;24992.423194244504;4678.5653363488545;10699.893918966409;9146.692246415743;729;Afrique;Sudan;Oui;Sudan
2018;Afrique;24992.423194244504;4678.5653363488545;10699.893918966409;9146.692246415743;748;Afrique;Eswatini;Oui;Eswatini
2018;Afrique;24992.423194244504;4678.5653363488545;10699.893918966409;9146.692246415743;768;Afrique;Togo;Oui;Togo
2018;Afrique;24992.423194244504;4678.5653363488545;10699.893918966409;9146.692246415743;788;Afrique;Tunisia;Oui;Tunisia
2018;Afrique;24992.423194244504;4678.5653363488545;10699.893918966409;9146.692246415743;800;Afrique;Uganda;Oui;Uganda
2018;Afrique;24992.423194244504;4678.5653363488545;10699.893918966409;9146.692246415743;818;Afrique;Egypt;Oui;Egypt
2018;Afrique;24992.423194244504;4678.5653363488545;10699.893918966409;9146.692246415743;834;Afrique;Tanzania, the United Republic of;Oui;Tanzania, the United Republic of
2018;Afrique;24992.423194244504;4678.5653363488545;10699.893918966409;9146.692246415743;834;Afrique;Tanzania, the United Republic of;Oui;United Republic of Tanzania
2018;Afrique;24992.423194244504;4678.5653363488545;10699.893918966409;9146.692246415743;854;Afrique;Burkina Faso;Oui;Burkina Faso
2018;Afrique;24992.423194244504;4678.5653363488545;10699.893918966409;9146.692246415743;894;Afrique;Zambia;Oui;Zambia
2018;Amérique du Nord;16638.82086927719;10935.861374267399;13155.564767657354;13104.72189385341;28;Amérique du Nord;Antigua and Barbuda;Oui;Antigua and Barbuda
2018;Amérique du Nord;16638.82086927719;10935.861374267399;13155.564767657354;13104.72189385341;44;Amérique du Nord;Bahamas;Oui;Bahamas
2018;Amérique du Nord;16638.82086927719;10935.861374267399;13155.564767657354;13104.72189385341;52;Amérique du Nord;Barbados;Oui;Barbados
2018;Amérique du Nord;16638.82086927719;10935.861374267399;13155.564767657354;13104.72189385341;60;Amérique du Nord;Bermuda;Non;Bermuda
2018;Amérique du Nord;16638.82086927719;10935.861374267399;13155.564767657354;13104.72189385341;84;Amérique du Nord;Belize;Oui;Belize
2018;Amérique du Nord;16638.82086927719;10935.861374267399;13155.564767657354;13104.72189385341;92;Amérique du Nord;Virgin Islands (British);Non;British Virgin Islands
2018;Amérique du Nord;16638.82086927719;10935.861374267399;13155.564767657354;13104.72189385341;92;Amérique du Nord;Virgin Islands (British);Non;Channel Islands
2018;Amérique du Nord;16638.82086927719;10935.861374267399;13155.564767657354;13104.72189385341;92;Amérique du Nord;Virgin Islands (British);Non;Virgin Islands (British)
2018;Amérique du Nord;16638.82086927719;10935.861374267399;13155.564767657354;13104.72189385341;124;Amérique du Nord;Canada;Oui;Canada
2018;Amérique du Nord;16638.82086927719;10935.861374267399;13155.564767657354;13104.72189385341;136;Amérique du Nord;Cayman Islands;Non;Cayman Islands
2018;Amérique du Nord;16638.82086927719;10935.861374267399;13155.564767657354;13104.72189385341;188;Amérique du Nord;Costa Rica;Oui;Costa Rica
2018;Amérique du Nord;16638.82086927719;10935.861374267399;13155.564767657354;13104.72189385341;192;Amérique du Nord;Cuba;Oui;Cuba
2018;Amérique du Nord;16638.82086927719;10935.861374267399;13155.564767657354;13104.72189385341;212;Amérique du Nord;Dominica;Oui;Dominica
2018;Amérique du Nord;16638.82086927719;10935.861374267399;13155.564767657354;13104.72189385341;214;Amérique du Nord;Dominican Republic;Oui;Dominican Republic
2018;Amérique du Nord;16638.82086927719;10935.861374267399;13155.564767657354;13104.72189385341;222;Amérique du Nord;El Salvador;Oui;El Salvador
2018;Amérique du Nord;16638.82086927719;10935.861374267399;13155.564767657354;13104.72189385341;304;Amérique du Nord;Greenland;Non;Greenland
2018;Amérique du Nord;16638.82086927719;10935.861374267399;13155.564767657354;13104.72189385341;308;Amérique du Nord;Grenada;Oui;Grenada
2018;Amérique du Nord;16638.82086927719;10935.861374267399;13155.564767657354;13104.72189385341;312;Amérique du Nord;Guadeloupe;Non;Guadeloupe
2018;Amérique du Nord;16638.82086927719;10935.861374267399;13155.564767657354;13104.72189385341;320;Amérique du Nord;Guatemala;Oui;Guatemala
2018;Amérique du Nord;16638.82086927719;10935.861374267399;13155.564767657354;13104.72189385341;332;Amérique du Nord;Haiti;Oui;Haiti
2018;Amérique du Nord;16638.82086927719;10935.861374267399;13155.564767657354;13104.72189385341;340;Amérique du Nord;Honduras;Oui;Honduras
2018;Amérique du Nord;16638.82086927719;10935.861374267399;13155.564767657354;13104.72189385341;388;Amérique du Nord;Jamaica;Oui;Jamaica
2018;Amérique du Nord;16638.82086927719;10935.861374267399;13155.564767657354;13104.72189385341;474;Amérique du Nord;Martinique;Non;Martinique
2018;Amérique du Nord;16638.82086927719;10935.861374267399;13155.564767657354;13104.72189385341;484;Amérique du Nord;Mexico;Oui;Mexico
2018;Amérique du Nord;16638.82086927719;10935.861374267399;13155.564767657354;13104.72189385341;500;Amérique du Nord;Montserrat;Non;Montserrat
2018;Amérique du Nord;16638.82086927719;10935.861374267399;13155.564767657354;13104.72189385341;531;Amérique du Nord;Curaçao;Non;Curaçao
2018;Amérique du Nord;16638.82086927719;10935.861374267399;13155.564767657354;13104.72189385341;533;Amérique du Nord;Aruba;Non;Aruba
2018;Amérique du Nord;16638.82086927719;10935.861374267399;13155.564767657354;13104.72189385341;534;Amérique du Nord;Sint Maarten (Dutch part);Non;Sint Maarten (Dutch part)
2018;Amérique du Nord;16638.82086927719;10935.861374267399;13155.564767657354;13104.72189385341;558;Amérique du Nord;Nicaragua;Oui;Nicaragua
2018;Amérique du Nord;16638.82086927719;10935.861374267399;13155.564767657354;13104.72189385341;591;Amérique du Nord;Panama;Oui;Panama
2018;Amérique du Nord;16638.82086927719;10935.861374267399;13155.564767657354;13104.72189385341;630;Amérique du Nord;Puerto Rico;Non;Puerto Rico
2018;Amérique du Nord;16638.82086927719;10935.861374267399;13155.564767657354;13104.72189385341;652;Amérique du Nord;Saint Barthélemy;Non;Saint Barthelemy
2018;Amérique du Nord;16638.82086927719;10935.861374267399;13155.564767657354;13104.72189385341;652;Amérique du Nord;Saint Barthélemy;Non;Saint Barthélemy
2018;Amérique du Nord;16638.82086927719;10935.861374267399;13155.564767657354;13104.72189385341;659;Amérique du Nord;Saint Kitts and Nevis;Oui;Saint Kitts and Nevis
2018;Amérique du Nord;16638.82086927719;10935.861374267399;13155.564767657354;13104.72189385341;660;Amérique du Nord;Anguilla;Non;Anguilla
2018;Amérique du Nord;16638.82086927719;10935.861374267399;13155.564767657354;13104.72189385341;662;Amérique du Nord;Saint Lucia;Oui;Saint Lucia
2018;Amérique du Nord;16638.82086927719;10935.861374267399;13155.564767657354;13104.72189385341;663;Amérique du Nord;Saint Martin (French part);Non;Saint Martin (French part)
2018;Amérique du Nord;16638.82086927719;10935.861374267399;13155.564767657354;13104.72189385341;666;Amérique du Nord;Saint Pierre and Miquelon;Non;Saint Pierre and Miquelon
2018;Amérique du Nord;16638.82086927719;10935.861374267399;13155.564767657354;13104.72189385341;670;Amérique du Nord;Saint Vincent and the Grenadines;Oui;Saint Vincent and the Grenadines
2018;Amérique du Nord;16638.82086927719;10935.861374267399;13155.564767657354;13104.72189385341;780;Amérique du Nord;Trinidad and Tobago;Oui;Trinidad and Tobago
2018;Amérique du Nord;16638.82086927719;10935.861374267399;13155.564767657354;13104.72189385341;796;Amérique du Nord;Turks and Caicos Islands;Non;Turks and Caicos Islands
2018;Amérique du Nord;16638.82086927719;10935.861374267399;13155.564767657354;13104.72189385341;840;Amérique du Nord;United States of America;Oui;United States of America
2018;Amérique du Nord;16638.82086927719;10935.861374267399;13155.564767657354;13104.72189385341;850;Amérique du Nord;Virgin Islands (U.S.);Non;United States Virgin Islands
2018;Amérique du Nord;16638.82086927719;10935.861374267399;13155.564767657354;13104.72189385341;850;Amérique du Nord;Virgin Islands (U.S.);Non;Virgin Islands (U.S.)
2018;Amérique du Sud;27087.369710649764;19222.496661005644;22531.78946952378;22453.85091447432;32;Amérique du Sud;Argentina;Oui;Argentina
2018;Amérique du Sud;27087.369710649764;19222.496661005644;22531.78946952378;22453.85091447432;68;Amérique du Sud;Bolivia (Plurinational State of);Oui;Bolivia (Plurinational State of)
2018;Amérique du Sud;27087.369710649764;19222.496661005644;22531.78946952378;22453.85091447432;76;Amérique du Sud;Brazil;Oui;Brazil
2018;Amérique du Sud;27087.369710649764;19222.496661005644;22531.78946952378;22453.85091447432;152;Amérique du Sud;Chile;Oui;Chile
2018;Amérique du Sud;27087.369710649764;19222.496661005644;22531.78946952378;22453.85091447432;170;Amérique du Sud;Colombia;Oui;Colombia
2018;Amérique du Sud;27087.369710649764;19222.496661005644;22531.78946952378;22453.85091447432;218;Amérique du Sud;Ecuador;Oui;Ecuador
2018;Amérique du Sud;27087.369710649764;19222.496661005644;22531.78946952378;22453.85091447432;238;Amérique du Sud;Falkland Islands  [Malvinas];Non;Falkland Islands  [Malvinas]
2018;Amérique du Sud;27087.369710649764;19222.496661005644;22531.78946952378;22453.85091447432;238;Amérique du Sud;Falkland Islands  [Malvinas];Non;Falkland Islands (Malvinas)
2018;Amérique du Sud;27087.369710649764;19222.496661005644;22531.78946952378;22453.85091447432;254;Amérique du Sud;French Guiana;Non;French Guiana
2018;Amérique du Sud;27087.369710649764;19222.496661005644;22531.78946952378;22453.85091447432;328;Amérique du Sud;Guyana;Oui;Guyana
2018;Amérique du Sud;27087.369710649764;19222.496661005644;22531.78946952378;22453.85091447432;600;Amérique du Sud;Paraguay;Oui;Paraguay
2018;Amérique du Sud;27087.369710649764;19222.496661005644;22531.78946952378;22453.85091447432;604;Amérique du Sud;Peru;Oui;Peru
2018;Amérique du Sud;27087.369710649764;19222.496661005644;22531.78946952378;22453.85091447432;740;Amérique du Sud;Suriname;Oui;Suriname
2018;Amérique du Sud;27087.369710649764;19222.496661005644;22531.78946952378;22453.85091447432;858;Amérique du Sud;Uruguay;Oui;Uruguay
2018;Amérique du Sud;27087.369710649764;19222.496661005644;22531.78946952378;22453.85091447432;862;Amérique du Sud;Venezuela (Bolivarian Republic of);Oui;Venezuela (Bolivarian Republic of)
2018;Asie;240644.245580274;130958.2425998015;138573.97955238752;134717.78225737615;4;Asie;Afghanistan;Oui;Afghanistan
2018;Asie;240644.245580274;130958.2425998015;138573.97955238752;134717.78225737615;31;Asie;Azerbaijan;Oui;Azerbaijan
2018;Asie;240644.245580274;130958.2425998015;138573.97955238752;134717.78225737615;48;Asie;Bahrain;Oui;Bahrain
2018;Asie;240644.245580274;130958.2425998015;138573.97955238752;134717.78225737615;50;Asie;Bangladesh;Oui;Bangladesh
2018;Asie;240644.245580274;130958.2425998015;138573.97955238752;134717.78225737615;51;Asie;Armenia;Oui;Armenia
2018;Asie;240644.245580274;130958.2425998015;138573.97955238752;134717.78225737615;64;Asie;Bhutan;Oui;Bhutan
2018;Asie;240644.245580274;130958.2425998015;138573.97955238752;134717.78225737615;96;Asie;Brunei Darussalam;Oui;Brunei Darussalam
2018;Asie;240644.245580274;130958.2425998015;138573.97955238752;134717.78225737615;104;Asie;Myanmar;Oui;Myanmar
2018;Asie;240644.245580274;130958.2425998015;138573.97955238752;134717.78225737615;116;Asie;Cambodia;Oui;Cambodia
2018;Asie;240644.245580274;130958.2425998015;138573.97955238752;134717.78225737615;144;Asie;Sri Lanka;Oui;Sri Lanka
2018;Asie;240644.245580274;130958.2425998015;138573.97955238752;134717.78225737615;156;Asie;China;Oui;China
2018;Asie;240644.245580274;130958.2425998015;138573.97955238752;134717.78225737615;156;Asie;China;Oui;China, Hong Kong SAR
2018;Asie;240644.245580274;130958.2425998015;138573.97955238752;134717.78225737615;156;Asie;China;Oui;China, Macao SAR
2018;Asie;240644.245580274;130958.2425998015;138573.97955238752;134717.78225737615;196;Asie;Cyprus;Oui;Cyprus
2018;Asie;240644.245580274;130958.2425998015;138573.97955238752;134717.78225737615;268;Asie;Georgia;Oui;Georgia
2018;Asie;240644.245580274;130958.2425998015;138573.97955238752;134717.78225737615;275;Asie;Palestine, State of;Oui;Palestine, State of
2018;Asie;240644.245580274;130958.2425998015;138573.97955238752;134717.78225737615;275;Asie;Palestine, State of;Oui;State of Palestine
2018;Asie;240644.245580274;130958.2425998015;138573.97955238752;134717.78225737615;356;Asie;India;Oui;India
2018;Asie;240644.245580274;130958.2425998015;138573.97955238752;134717.78225737615;360;Asie;Indonesia;Oui;Indonesia
2018;Asie;240644.245580274;130958.2425998015;138573.97955238752;134717.78225737615;364;Asie;Iran (Islamic Republic of);Oui;Iran (Islamic Republic of)
2018;Asie;240644.245580274;130958.2425998015;138573.97955238752;134717.78225737615;368;Asie;Iraq;Oui;Iraq
2018;Asie;240644.245580274;130958.2425998015;138573.97955238752;134717.78225737615;376;Asie;Israel;Oui;Israel
2018;Asie;240644.245580274;130958.2425998015;138573.97955238752;134717.78225737615;392;Asie;Japan;Oui;Japan
2018;Asie;240644.245580274;130958.2425998015;138573.97955238752;134717.78225737615;398;Asie;Kazakhstan;Oui;Kazakhstan
2018;Asie;240644.245580274;130958.2425998015;138573.97955238752;134717.78225737615;400;Asie;Jordan;Oui;Jordan
2018;Asie;240644.245580274;130958.2425998015;138573.97955238752;134717.78225737615;408;Asie;Korea (the Democratic People's Republic of);Oui;Democratic People's Republic of Korea
2018;Asie;240644.245580274;130958.2425998015;138573.97955238752;134717.78225737615;408;Asie;Korea (the Democratic People's Republic of);Oui;Korea (the Democratic People's Republic of)
2018;Asie;240644.245580274;130958.2425998015;138573.97955238752;134717.78225737615;410;Asie;Korea (the Republic of);Oui;Korea (the Republic of)
2018;Asie;240644.245580274;130958.2425998015;138573.97955238752;134717.78225737615;410;Asie;Korea (the Republic of);Oui;Republic of Korea
2018;Asie;240644.245580274;130958.2425998015;138573.97955238752;134717.78225737615;414;Asie;Kuwait;Oui;Kuwait
2018;Asie;240644.245580274;130958.2425998015;138573.97955238752;134717.78225737615;417;Asie;Kyrgyzstan;Oui;Kyrgyzstan
2018;Asie;240644.245580274;130958.2425998015;138573.97955238752;134717.78225737615;418;Asie;Lao People's Democratic Republic;Oui;Lao People's Democratic Republic
2018;Asie;240644.245580274;130958.2425998015;138573.97955238752;134717.78225737615;422;Asie;Lebanon;Oui;Lebanon
2018;Asie;240644.245580274;130958.2425998015;138573.97955238752;134717.78225737615;458;Asie;Malaysia;Oui;Malaysia
2018;Asie;240644.245580274;130958.2425998015;138573.97955238752;134717.78225737615;462;Asie;Maldives;Oui;Maldives
2018;Asie;240644.245580274;130958.2425998015;138573.97955238752;134717.78225737615;496;Asie;Mongolia;Oui;Mongolia
2018;Asie;240644.245580274;130958.2425998015;138573.97955238752;134717.78225737615;512;Asie;Oman;Oui;Oman
2018;Asie;240644.245580274;130958.2425998015;138573.97955238752;134717.78225737615;524;Asie;Nepal;Oui;Nepal
2018;Asie;240644.245580274;130958.2425998015;138573.97955238752;134717.78225737615;586;Asie;Pakistan;Oui;Pakistan
2018;Asie;240644.245580274;130958.2425998015;138573.97955238752;134717.78225737615;608;Asie;Philippines;Oui;Philippines
2018;Asie;240644.245580274;130958.2425998015;138573.97955238752;134717.78225737615;626;Asie;Timor-Leste;Oui;Timor-Leste
2018;Asie;240644.245580274;130958.2425998015;138573.97955238752;134717.78225737615;634;Asie;Qatar;Oui;Qatar
2018;Asie;240644.245580274;130958.2425998015;138573.97955238752;134717.78225737615;682;Asie;Saudi Arabia;Oui;Saudi Arabia
2018;Asie;240644.245580274;130958.2425998015;138573.97955238752;134717.78225737615;702;Asie;Singapore;Oui;Singapore
2018;Asie;240644.245580274;130958.2425998015;138573.97955238752;134717.78225737615;704;Asie;Viet Nam;Oui;Viet Nam
2018;Asie;240644.245580274;130958.2425998015;138573.97955238752;134717.78225737615;760;Asie;Syrian Arab Republic;Oui;Syrian Arab Republic
2018;Asie;240644.245580274;130958.2425998015;138573.97955238752;134717.78225737615;762;Asie;Tajikistan;Oui;Tajikistan
2018;Asie;240644.245580274;130958.2425998015;138573.97955238752;134717.78225737615;764;Asie;Thailand;Oui;Thailand
2018;Asie;240644.245580274;130958.2425998015;138573.97955238752;134717.78225737615;784;Asie;United Arab Emirates;Oui;United Arab Emirates
2018;Asie;240644.245580274;130958.2425998015;138573.97955238752;134717.78225737615;792;Asie;Turkey;Oui;Turkey
2018;Asie;240644.245580274;130958.2425998015;138573.97955238752;134717.78225737615;795;Asie;Turkmenistan;Oui;Turkmenistan
2018;Asie;240644.245580274;130958.2425998015;138573.97955238752;134717.78225737615;860;Asie;Uzbekistan;Oui;Uzbekistan
2018;Asie;240644.245580274;130958.2425998015;138573.97955238752;134717.78225737615;887;Asie;Yemen;Oui;Yemen
2018;Europe;16821.181719207765;11941.61078992293;12691.221593101638;12591.98276613221;8;Europe;Albania;Oui;Albania
2018;Europe;16821.181719207765;11941.61078992293;12691.221593101638;12591.98276613221;20;Europe;Andorra;Oui;Andorra
2018;Europe;16821.181719207765;11941.61078992293;12691.221593101638;12591.98276613221;40;Europe;Austria;Oui;Austria
2018;Europe;16821.181719207765;11941.61078992293;12691.221593101638;12591.98276613221;56;Europe;Belgium;Oui;Belgium
2018;Europe;16821.181719207765;11941.61078992293;12691.221593101638;12591.98276613221;70;Europe;Bosnia and Herzegovina;Oui;Bosnia and Herzegovina
2018;Europe;16821.181719207765;11941.61078992293;12691.221593101638;12591.98276613221;100;Europe;Bulgaria;Oui;Bulgaria
2018;Europe;16821.181719207765;11941.61078992293;12691.221593101638;12591.98276613221;112;Europe;Belarus;Oui;Belarus
2018;Europe;16821.181719207765;11941.61078992293;12691.221593101638;12591.98276613221;191;Europe;Croatia;Oui;Croatia
2018;Europe;16821.181719207765;11941.61078992293;12691.221593101638;12591.98276613221;203;Europe;Czechia;Oui;Czech Republic
2018;Europe;16821.181719207765;11941.61078992293;12691.221593101638;12591.98276613221;203;Europe;Czechia;Oui;Czechia
2018;Europe;16821.181719207765;11941.61078992293;12691.221593101638;12591.98276613221;208;Europe;Denmark;Oui;Denmark
2018;Europe;16821.181719207765;11941.61078992293;12691.221593101638;12591.98276613221;233;Europe;Estonia;Oui;Estonia
2018;Europe;16821.181719207765;11941.61078992293;12691.221593101638;12591.98276613221;234;Europe;Faroe Islands;Non;Faeroe Islands
2018;Europe;16821.181719207765;11941.61078992293;12691.221593101638;12591.98276613221;234;Europe;Faroe Islands;Non;Faroe Islands
2018;Europe;16821.181719207765;11941.61078992293;12691.221593101638;12591.98276613221;246;Europe;Finland;Oui;Finland
2018;Europe;16821.181719207765;11941.61078992293;12691.221593101638;12591.98276613221;250;Europe;France;Oui;France
2018;Europe;16821.181719207765;11941.61078992293;12691.221593101638;12591.98276613221;276;Europe;Germany;Oui;Germany
2018;Europe;16821.181719207765;11941.61078992293;12691.221593101638;12591.98276613221;292;Europe;Gibraltar;Non;Gibraltar
2018;Europe;16821.181719207765;11941.61078992293;12691.221593101638;12591.98276613221;300;Europe;Greece;Oui;Greece
2018;Europe;16821.181719207765;11941.61078992293;12691.221593101638;12591.98276613221;348;Europe;Hungary;Oui;Hungary
2018;Europe;16821.181719207765;11941.61078992293;12691.221593101638;12591.98276613221;352;Europe;Iceland;Oui;Iceland
2018;Europe;16821.181719207765;11941.61078992293;12691.221593101638;12591.98276613221;372;Europe;Ireland;Oui;Ireland
2018;Europe;16821.181719207765;11941.61078992293;12691.221593101638;12591.98276613221;380;Europe;Italy;Oui;Italy
2018;Europe;16821.181719207765;11941.61078992293;12691.221593101638;12591.98276613221;428;Europe;Latvia;Oui;Latvia
2018;Europe;16821.181719207765;11941.61078992293;12691.221593101638;12591.98276613221;438;Europe;Liechtenstein;Oui;Liechtenstein
2018;Europe;16821.181719207765;11941.61078992293;12691.221593101638;12591.98276613221;440;Europe;Lithuania;Oui;Lithuania
2018;Europe;16821.181719207765;11941.61078992293;12691.221593101638;12591.98276613221;442;Europe;Luxembourg;Oui;Luxembourg
2018;Europe;16821.181719207765;11941.61078992293;12691.221593101638;12591.98276613221;470;Europe;Malta;Oui;Malta
2018;Europe;16821.181719207765;11941.61078992293;12691.221593101638;12591.98276613221;492;Europe;Monaco;Oui;Monaco
2018;Europe;16821.181719207765;11941.61078992293;12691.221593101638;12591.98276613221;498;Europe;Moldova (the Republic of);Oui;Moldova (the Republic of)
2018;Europe;16821.181719207765;11941.61078992293;12691.221593101638;12591.98276613221;498;Europe;Moldova (the Republic of);Oui;Republic of Moldova
2018;Europe;16821.181719207765;11941.61078992293;12691.221593101638;12591.98276613221;499;Europe;Montenegro;Oui;Montenegro
2018;Europe;16821.181719207765;11941.61078992293;12691.221593101638;12591.98276613221;528;Europe;Netherlands;Oui;Caribbean Netherlands
2018;Europe;16821.181719207765;11941.61078992293;12691.221593101638;12591.98276613221;528;Europe;Netherlands;Oui;Netherlands
2018;Europe;16821.181719207765;11941.61078992293;12691.221593101638;12591.98276613221;578;Europe;Norway;Oui;Norway
2018;Europe;16821.181719207765;11941.61078992293;12691.221593101638;12591.98276613221;616;Europe;Poland;Oui;Poland
2018;Europe;16821.181719207765;11941.61078992293;12691.221593101638;12591.98276613221;620;Europe;Portugal;Oui;Portugal
2018;Europe;16821.181719207765;11941.61078992293;12691.221593101638;12591.98276613221;642;Europe;Romania;Oui;Romania
2018;Europe;16821.181719207765;11941.61078992293;12691.221593101638;12591.98276613221;643;Europe;Russian Federation;Oui;Russian Federation
2018;Europe;16821.181719207765;11941.61078992293;12691.221593101638;12591.98276613221;674;Europe;San Marino;Oui;San Marino
2018;Europe;16821.181719207765;11941.61078992293;12691.221593101638;12591.98276613221;688;Europe;Serbia;Oui;Serbia
2018;Europe;16821.181719207765;11941.61078992293;12691.221593101638;12591.98276613221;703;Europe;Slovakia;Oui;Slovakia
2018;Europe;16821.181719207765;11941.61078992293;12691.221593101638;12591.98276613221;705;Europe;Slovenia;Oui;Slovenia
2018;Europe;16821.181719207765;11941.61078992293;12691.221593101638;12591.98276613221;724;Europe;Spain;Oui;Spain
2018;Europe;16821.181719207765;11941.61078992293;12691.221593101638;12591.98276613221;752;Europe;Sweden;Oui;Sweden
2018;Europe;16821.181719207765;11941.61078992293;12691.221593101638;12591.98276613221;756;Europe;Switzerland;Oui;Switzerland
2018;Europe;16821.181719207765;11941.61078992293;12691.221593101638;12591.98276613221;804;Europe;Ukraine;Oui;Ukraine
2018;Europe;16821.181719207765;11941.61078992293;12691.221593101638;12591.98276613221;807;Europe;North Macedonia;Oui;North Macedonia
2018;Europe;16821.181719207765;11941.61078992293;12691.221593101638;12591.98276613221;826;Europe;United Kingdom of Great Britain and Northern Ireland;Oui;United Kingdom
2018;Europe;16821.181719207765;11941.61078992293;12691.221593101638;12591.98276613221;826;Europe;United Kingdom of Great Britain and Northern Ireland;Oui;United Kingdom of Great Britain and Northern Ireland
2018;Europe;16821.181719207765;11941.61078992293;12691.221593101638;12591.98276613221;833;Europe;Isle of Man;Non;Isle of Man
2018;Océanie;1732.6031425197918;1112.078922380311;1176.8913241006412;1168.5587831609153;16;Océanie;American Samoa;Non;American Samoa
2018;Océanie;1732.6031425197918;1112.078922380311;1176.8913241006412;1168.5587831609153;36;Océanie;Australia;Oui;Australia
2018;Océanie;1732.6031425197918;1112.078922380311;1176.8913241006412;1168.5587831609153;90;Océanie;Solomon Islands;Oui;Solomon Islands
2018;Océanie;1732.6031425197918;1112.078922380311;1176.8913241006412;1168.5587831609153;184;Océanie;Cook Islands;Non;Cook Islands
2018;Océanie;1732.6031425197918;1112.078922380311;1176.8913241006412;1168.5587831609153;242;Océanie;Fiji;Oui;Fiji
2018;Océanie;1732.6031425197918;1112.078922380311;1176.8913241006412;1168.5587831609153;258;Océanie;French Polynesia;Non;French Polynesia
2018;Océanie;1732.6031425197918;1112.078922380311;1176.8913241006412;1168.5587831609153;296;Océanie;Kiribati;Oui;Kiribati
2018;Océanie;1732.6031425197918;1112.078922380311;1176.8913241006412;1168.5587831609153;316;Océanie;Guam;Non;Guam
2018;Océanie;1732.6031425197918;1112.078922380311;1176.8913241006412;1168.5587831609153;520;Océanie;Nauru;Oui;Nauru
2018;Océanie;1732.6031425197918;1112.078922380311;1176.8913241006412;1168.5587831609153;540;Océanie;New Caledonia;Non;New Caledonia
2018;Océanie;1732.6031425197918;1112.078922380311;1176.8913241006412;1168.5587831609153;548;Océanie;Vanuatu;Oui;Vanuatu
2018;Océanie;1732.6031425197918;1112.078922380311;1176.8913241006412;1168.5587831609153;554;Océanie;New Zealand;Oui;New Zealand
2018;Océanie;1732.6031425197918;1112.078922380311;1176.8913241006412;1168.5587831609153;570;Océanie;Niue;Non;Niue
2018;Océanie;1732.6031425197918;1112.078922380311;1176.8913241006412;1168.5587831609153;580;Océanie;Northern Mariana Islands;Non;Northern Mariana Islands
2018;Océanie;1732.6031425197918;1112.078922380311;1176.8913241006412;1168.5587831609153;583;Océanie;Micronesia (Federated States of);Oui;Micronesia (Federated States of)
2018;Océanie;1732.6031425197918;1112.078922380311;1176.8913241006412;1168.5587831609153;584;Océanie;Marshall Islands;Oui;Marshall Islands
2018;Océanie;1732.6031425197918;1112.078922380311;1176.8913241006412;1168.5587831609153;585;Océanie;Palau;Oui;Palau
2018;Océanie;1732.6031425197918;1112.078922380311;1176.8913241006412;1168.5587831609153;598;Océanie;Papua New Guinea;Oui;Papua New Guinea
2018;Océanie;1732.6031425197918;1112.078922380311;1176.8913241006412;1168.5587831609153;772;Océanie;Tokelau;Non;Tokelau
2018;Océanie;1732.6031425197918;1112.078922380311;1176.8913241006412;1168.5587831609153;776;Océanie;Tonga;Oui;Tonga
2018;Océanie;1732.6031425197918;1112.078922380311;1176.8913241006412;1168.5587831609153;798;Océanie;Tuvalu;Oui;Tuvalu
2018;Océanie;1732.6031425197918;1112.078922380311;1176.8913241006412;1168.5587831609153;876;Océanie;Wallis and Futuna;Non;Wallis and Futuna
2018;Océanie;1732.6031425197918;1112.078922380311;1176.8913241006412;1168.5587831609153;876;Océanie;Wallis and Futuna;Non;Wallis and Futuna Islands
2018;Océanie;1732.6031425197918;1112.078922380311;1176.8913241006412;1168.5587831609153;882;Océanie;Samoa;Oui;Samoa
